kind,spacing,width,height,origin,erasers,cold_pan_median_us,cold_pan_p95_us,warm_pan_median_us,warm_pan_p95_us,png_median_us,png_p95_us,png_bytes,surface_bytes_proxy
None,8,1920,1080,0,0,2964,3295,169,865,31442,31860,33424,32075776
None,8,1920,1080,0,20,3408,3555,156,280,48536,48890,72712,32075776
None,8,1920,1080,0,200,6632,6768,241,352,56368,57102,189182,32075776
None,40,1920,1080,0,0,2609,2789,249,356,31385,31622,33424,32075776
None,40,1920,1080,0,20,3053,3156,279,399,47974,48035,72712,32075776
None,40,1920,1080,0,200,6481,6835,177,304,56138,56266,189182,32075776
Cartesian,8,1920,1080,0,0,3526,3597,170,198,37480,37686,80088,32075776
Cartesian,8,1920,1080,0,20,4363,4460,175,444,57646,58335,134441,32075776
Cartesian,8,1920,1080,0,200,11369,11996,336,405,80644,80964,376164,32075776
Cartesian,40,1920,1080,0,0,3447,3643,170,332,34651,34730,53224,32075776
Cartesian,40,1920,1080,0,20,4227,4348,167,303,53276,56684,102884,32075776
Cartesian,40,1920,1080,0,200,10951,11751,382,494,69904,70669,265083,32075776
Isometric,8,1920,1080,0,0,7144,16695,703,841,134973,172560,1017818,32075776
Isometric,8,1920,1080,0,20,8211,15019,340,759,200823,222206,1166903,32075776
Isometric,8,1920,1080,0,200,24842,42471,673,756,248711,305444,1268264,32075776
Isometric,40,1920,1080,0,0,7181,9508,571,597,74132,88345,672389,32075776
Isometric,40,1920,1080,0,20,8527,8771,563,569,104521,105079,804536,32075776
Isometric,40,1920,1080,0,200,19392,19791,351,467,123284,123768,932535,32075776
IsometricDots,8,1920,1080,0,0,6195,6222,202,303,57517,57873,419974,32075776
IsometricDots,8,1920,1080,0,20,8088,9074,371,832,88225,93938,557246,32075776
IsometricDots,8,1920,1080,0,200,22666,25426,383,580,114643,119364,713126,32075776
IsometricDots,40,1920,1080,0,0,6181,6336,353,436,36239,38479,85049,32075776
IsometricDots,40,1920,1080,0,20,7502,7723,371,412,53787,64370,128204,32075776
IsometricDots,40,1920,1080,0,200,31731,39567,787,1726,101258,106475,251278,32075776
None,8,1920,1080,-1000021,0,2576,2664,248,263,31356,31542,33424,32075776
None,8,1920,1080,-1000021,20,3120,3361,297,464,48592,49261,72712,32075776
None,8,1920,1080,-1000021,200,6553,6720,314,413,57100,57878,189182,32075776
None,40,1920,1080,-1000021,0,2648,3240,278,339,32083,32409,33424,32075776
None,40,1920,1080,-1000021,20,3044,3054,244,268,48088,48185,72712,32075776
None,40,1920,1080,-1000021,200,6495,6554,200,239,56255,56360,189182,32075776
Cartesian,8,1920,1080,-1000021,0,3540,3729,185,191,37849,37998,83130,32075776
Cartesian,8,1920,1080,-1000021,20,4481,4567,184,272,58529,58646,139657,32075776
Cartesian,8,1920,1080,-1000021,200,11479,11559,201,211,81011,81423,382147,32075776
Cartesian,40,1920,1080,-1000021,0,3617,3693,170,244,35263,35325,55388,32075776
Cartesian,40,1920,1080,-1000021,20,4366,4432,188,313,54012,54224,105169,32075776
Cartesian,40,1920,1080,-1000021,200,10689,11496,244,761,70457,73741,267355,32075776
Isometric,8,1920,1080,-1000021,0,6328,6789,266,532,124400,125941,1006387,32075776
Isometric,8,1920,1080,-1000021,20,7819,7833,186,239,182261,182654,1156608,32075776
Isometric,8,1920,1080,-1000021,200,23758,24870,540,616,207378,209135,1252617,32075776
Isometric,40,1920,1080,-1000021,0,6171,6292,207,473,72258,72362,674375,32075776
Isometric,40,1920,1080,-1000021,20,7703,8597,401,540,104347,105351,807461,32075776
Isometric,40,1920,1080,-1000021,200,20760,21508,507,539,127350,128127,935494,32075776
IsometricDots,8,1920,1080,-1000021,0,6430,6530,455,466,59398,59747,424019,32075776
IsometricDots,8,1920,1080,-1000021,20,8318,8847,466,527,90049,93251,558198,32075776
IsometricDots,8,1920,1080,-1000021,200,24486,25307,571,584,119755,121443,721126,32075776
IsometricDots,40,1920,1080,-1000021,0,6838,7115,568,575,36182,38004,84807,32075776
IsometricDots,40,1920,1080,-1000021,20,8231,8424,520,566,55674,55729,128026,32075776
IsometricDots,40,1920,1080,-1000021,200,21182,21842,526,564,72957,74122,250840,32075776
None,8,3840,2160,0,0,6689,6830,2217,3196,129311,131052,82922,112869376
None,8,3840,2160,0,20,7124,7454,2170,2293,185567,186637,140454,112869376
None,8,3840,2160,0,200,11527,11617,2099,2119,196635,196751,299751,112869376
None,40,3840,2160,0,0,6489,6579,2185,2242,127198,127256,82922,112869376
None,40,3840,2160,0,20,6982,7576,2134,2216,183092,183391,140454,112869376
None,40,3840,2160,0,200,10832,11267,2096,2190,195083,195972,299751,112869376
Cartesian,8,3840,2160,0,0,8958,9098,1941,2026,145771,146452,214887,112869376
Cartesian,8,3840,2160,0,20,9934,10202,1910,2015,207790,208632,310583,112869376
Cartesian,8,3840,2160,0,200,17583,19033,1903,2021,238411,242324,617816,112869376
Cartesian,40,3840,2160,0,0,8905,10164,2033,2618,138411,141335,145447,112869376
Cartesian,40,3840,2160,0,20,9819,10340,1989,2035,201483,201693,290886,112869376
Cartesian,40,3840,2160,0,200,16708,18042,2025,2068,223289,223984,503374,112869376
Isometric,8,3840,2160,0,0,16684,16737,1923,1943,454268,455633,3170531,112869376
Isometric,8,3840,2160,0,20,18898,19516,2167,2446,614747,624484,3525018,112869376
Isometric,8,3840,2160,0,200,36990,39033,2046,3342,652967,660609,3761578,112869376
Isometric,40,3840,2160,0,0,16803,17441,2040,2181,276753,277087,2357820,112869376
Isometric,40,3840,2160,0,20,18396,18833,2064,2327,365316,367817,2674630,112869376
Isometric,40,3840,2160,0,200,31600,31744,2065,2223,395045,397930,2872891,112869376
IsometricDots,8,3840,2160,0,0,17341,17489,2029,2230,236783,237067,1536684,112869376
IsometricDots,8,3840,2160,0,20,19257,20206,2134,2476,319396,320760,1784952,112869376
IsometricDots,8,3840,2160,0,200,36696,36875,2043,2469,357748,358996,2034353,112869376
IsometricDots,40,3840,2160,0,0,16937,17541,2068,2256,139286,139630,248864,112869376
IsometricDots,40,3840,2160,0,20,18598,20155,2083,2591,199615,200309,335132,112869376
IsometricDots,40,3840,2160,0,200,31477,33203,2066,2700,222001,224319,505456,112869376
None,8,3840,2160,-1000021,0,6657,8292,2269,2394,128084,133287,82922,112869376
None,8,3840,2160,-1000021,20,7158,7707,2195,2227,184799,195329,140454,112869376
None,8,3840,2160,-1000021,200,11066,11552,2064,2588,195439,196309,299751,112869376
None,40,3840,2160,-1000021,0,6481,6748,2209,2279,126051,126324,82922,112869376
None,40,3840,2160,-1000021,20,7184,7452,2133,2747,182462,182986,140454,112869376
None,40,3840,2160,-1000021,200,11670,12305,2236,2348,196137,198833,299751,112869376
Cartesian,8,3840,2160,-1000021,0,9654,9989,2020,2297,147992,149402,222712,112869376
Cartesian,8,3840,2160,-1000021,20,10795,10914,2031,2103,211975,213261,317630,112869376
Cartesian,8,3840,2160,-1000021,200,18160,18188,1927,1958,239227,239664,623763,112869376
Cartesian,40,3840,2160,-1000021,0,9293,9488,1973,2035,138388,138615,150181,112869376
Cartesian,40,3840,2160,-1000021,20,10171,10319,1998,2011,201069,201697,298887,112869376
Cartesian,40,3840,2160,-1000021,200,16940,17112,1936,1940,223481,223934,510941,112869376
Isometric,8,3840,2160,-1000021,0,16649,16777,1942,1966,453213,454074,3173502,112869376
Isometric,8,3840,2160,-1000021,20,18457,18870,1992,2165,604209,606566,3526205,112869376
Isometric,8,3840,2160,-1000021,200,35370,35632,1921,1972,643836,645247,3759572,112869376
Isometric,40,3840,2160,-1000021,0,16605,16787,1980,2068,276595,277171,2351763,112869376
Isometric,40,3840,2160,-1000021,20,18173,18373,2011,2054,363726,372134,2675243,112869376
Isometric,40,3840,2160,-1000021,200,30793,31725,1944,2037,391065,393237,2872401,112869376
IsometricDots,8,3840,2160,-1000021,0,16880,17105,1940,2196,235193,236404,1532620,112869376
IsometricDots,8,3840,2160,-1000021,20,18542,18702,2015,2052,316100,317114,1784251,112869376
IsometricDots,8,3840,2160,-1000021,200,36018,36591,2005,2146,356921,362920,2034242,112869376
IsometricDots,40,3840,2160,-1000021,0,16983,17460,2090,2121,139698,140506,247770,112869376
IsometricDots,40,3840,2160,-1000021,20,18091,18267,1916,2201,198149,199032,335533,112869376
IsometricDots,40,3840,2160,-1000021,200,31535,32155,1979,2067,221090,223278,505782,112869376
