source,kind,spacing,width,height,erasers,pdf,median_us,p95_us,target_or_pdf_bytes
Solid,Cartesian,8,1920,1080,0,false,1651,2597,8294400
Tile,Cartesian,8,1920,1080,0,false,2109,2119,8294400
Solid,Cartesian,8,1920,1080,0,true,112,130,1540
Tile,Cartesian,8,1920,1080,0,true,136,143,2447
Solid,Cartesian,8,1920,1080,20,false,1997,2036,8294400
Tile,Cartesian,8,1920,1080,20,false,2875,2880,8294400
Solid,Cartesian,8,1920,1080,20,true,54509,54588,157333
Tile,Cartesian,8,1920,1080,20,true,72930,73621,297363
Solid,Cartesian,8,1920,1080,200,false,5479,5510,8294400
Tile,Cartesian,8,1920,1080,200,false,9851,9870,8294400
Solid,Cartesian,8,1920,1080,200,true,570588,571785,2469987
Tile,Cartesian,8,1920,1080,200,true,748253,753232,3642089
Solid,Cartesian,40,1920,1080,0,false,1634,1636,8294400
Tile,Cartesian,40,1920,1080,0,false,2029,2040,8294400
Solid,Cartesian,40,1920,1080,0,true,107,127,1540
Tile,Cartesian,40,1920,1080,0,true,135,150,2451
Solid,Cartesian,40,1920,1080,20,false,2020,2043,8294400
Tile,Cartesian,40,1920,1080,20,false,2704,2737,8294400
Solid,Cartesian,40,1920,1080,20,true,54296,54365,157333
Tile,Cartesian,40,1920,1080,20,true,65218,65378,227906
Solid,Cartesian,40,1920,1080,200,false,5427,5434,8294400
Tile,Cartesian,40,1920,1080,200,false,8778,8786,8294400
Solid,Cartesian,40,1920,1080,200,true,567020,570245,2469987
Tile,Cartesian,40,1920,1080,200,true,710492,716396,3066619
Solid,Isometric,8,1920,1080,0,false,1632,1654,8294400
Tile,Isometric,8,1920,1080,0,false,3293,3307,8294400
Solid,Isometric,8,1920,1080,0,true,106,128,1540
Tile,Isometric,8,1920,1080,0,true,136,153,2526
Solid,Isometric,8,1920,1080,20,false,2021,2064,8294400
Tile,Isometric,8,1920,1080,20,false,4830,4845,8294400
Solid,Isometric,8,1920,1080,20,true,54191,54303,157333
Tile,Isometric,8,1920,1080,20,true,208126,227192,1407502
Solid,Isometric,8,1920,1080,200,false,5414,5486,8294400
Tile,Isometric,8,1920,1080,200,false,18266,20113,8294400
Solid,Isometric,8,1920,1080,200,true,567555,568208,2469987
Tile,Isometric,8,1920,1080,200,true,1735954,1748975,12731843
Solid,Isometric,40,1920,1080,0,false,1671,1695,8294400
Tile,Isometric,40,1920,1080,0,false,3341,3358,8294400
Solid,Isometric,40,1920,1080,0,true,115,131,1539
Tile,Isometric,40,1920,1080,0,true,137,154,2531
Solid,Isometric,40,1920,1080,20,false,2077,2087,8294400
Tile,Isometric,40,1920,1080,20,false,4649,4730,8294400
Solid,Isometric,40,1920,1080,20,true,54437,54815,157333
Tile,Isometric,40,1920,1080,20,true,90099,90195,564291
Solid,Isometric,40,1920,1080,200,false,5347,5388,8294400
Tile,Isometric,40,1920,1080,200,false,15781,15797,8294400
Solid,Isometric,40,1920,1080,200,true,567718,572051,2469987
Tile,Isometric,40,1920,1080,200,true,1099744,1104767,6007667
Solid,IsometricDots,8,1920,1080,0,false,1639,1659,8294400
Tile,IsometricDots,8,1920,1080,0,false,3306,3320,8294400
Solid,IsometricDots,8,1920,1080,0,true,111,130,1540
Tile,IsometricDots,8,1920,1080,0,true,172,205,2678
Solid,IsometricDots,8,1920,1080,20,false,2040,2048,8294400
Tile,IsometricDots,8,1920,1080,20,false,4886,4895,8294400
Solid,IsometricDots,8,1920,1080,20,true,54924,55018,157333
Tile,IsometricDots,8,1920,1080,20,true,89683,90246,682528
Solid,IsometricDots,8,1920,1080,200,false,5426,5445,8294400
Tile,IsometricDots,8,1920,1080,200,false,18146,18235,8294400
Solid,IsometricDots,8,1920,1080,200,true,564492,568582,2469987
Tile,IsometricDots,8,1920,1080,200,true,906547,910484,6730998
Solid,IsometricDots,40,1920,1080,0,false,1668,2550,8294400
Tile,IsometricDots,40,1920,1080,0,false,3254,3277,8294400
Solid,IsometricDots,40,1920,1080,0,true,111,128,1540
Tile,IsometricDots,40,1920,1080,0,true,176,196,2679
Solid,IsometricDots,40,1920,1080,20,false,2014,2031,8294400
Tile,IsometricDots,40,1920,1080,20,false,4645,6641,8294400
Solid,IsometricDots,40,1920,1080,20,true,54239,54546,157333
Tile,IsometricDots,40,1920,1080,20,true,65836,65967,192174
Solid,IsometricDots,40,1920,1080,200,false,5446,5575,8294400
Tile,IsometricDots,40,1920,1080,200,false,16041,16175,8294400
Solid,IsometricDots,40,1920,1080,200,true,565981,566682,2469987
Tile,IsometricDots,40,1920,1080,200,true,730389,731736,2762761
Solid,Cartesian,8,3840,2160,0,false,4852,5650,33177600
Tile,Cartesian,8,3840,2160,0,false,6498,6690,33177600
Solid,Cartesian,8,3840,2160,0,true,109,132,1543
Tile,Cartesian,8,3840,2160,0,true,132,144,2449
Solid,Cartesian,8,3840,2160,20,false,5742,5935,33177600
Tile,Cartesian,8,3840,2160,20,false,7375,7578,33177600
Solid,Cartesian,8,3840,2160,20,true,55091,55388,149953
Tile,Cartesian,8,3840,2160,20,true,72774,72779,284050
Solid,Cartesian,8,3840,2160,200,false,10297,10773,33177600
Tile,Cartesian,8,3840,2160,200,false,16245,16666,33177600
Solid,Cartesian,8,3840,2160,200,true,589838,593012,2941444
Tile,Cartesian,8,3840,2160,200,true,799591,803500,3990879
Solid,Cartesian,40,3840,2160,0,false,5187,5396,33177600
Tile,Cartesian,40,3840,2160,0,false,6256,6456,33177600
Solid,Cartesian,40,3840,2160,0,true,113,131,1542
Tile,Cartesian,40,3840,2160,0,true,131,144,2453
Solid,Cartesian,40,3840,2160,20,false,5339,5443,33177600
Tile,Cartesian,40,3840,2160,20,false,6911,7028,33177600
Solid,Cartesian,40,3840,2160,20,true,55440,55610,149953
Tile,Cartesian,40,3840,2160,20,true,66254,66464,215815
Solid,Cartesian,40,3840,2160,200,false,11128,11629,33177600
Tile,Cartesian,40,3840,2160,200,false,14686,14778,33177600
Solid,Cartesian,40,3840,2160,200,true,591393,598996,2941444
Tile,Cartesian,40,3840,2160,200,true,767512,774257,3528120
Solid,Isometric,8,3840,2160,0,false,5128,5391,33177600
Tile,Isometric,8,3840,2160,0,false,11214,11397,33177600
Solid,Isometric,8,3840,2160,0,true,108,129,1542
Tile,Isometric,8,3840,2160,0,true,139,152,2530
Solid,Isometric,8,3840,2160,20,false,5787,6034,33177600
Tile,Isometric,8,3840,2160,20,false,12913,12996,33177600
Solid,Isometric,8,3840,2160,20,true,55172,57034,149953
Tile,Isometric,8,3840,2160,20,true,202756,204920,1386368
Solid,Isometric,8,3840,2160,200,false,11581,11646,33177600
Tile,Isometric,8,3840,2160,200,false,30583,30622,33177600
Solid,Isometric,8,3840,2160,200,true,592189,604378,2941444
Tile,Isometric,8,3840,2160,200,true,1824540,1842717,14531343
Solid,Isometric,40,3840,2160,0,false,5841,5947,33177600
Tile,Isometric,40,3840,2160,0,false,12047,12118,33177600
Solid,Isometric,40,3840,2160,0,true,120,134,1542
Tile,Isometric,40,3840,2160,0,true,145,159,2533
Solid,Isometric,40,3840,2160,20,false,6492,6552,33177600
Tile,Isometric,40,3840,2160,20,false,13579,13645,33177600
Solid,Isometric,40,3840,2160,20,true,57160,57479,149953
Tile,Isometric,40,3840,2160,20,true,94379,96976,551501
Solid,Isometric,40,3840,2160,200,false,13841,17122,33177600
Tile,Isometric,40,3840,2160,200,false,28812,29316,33177600
Solid,Isometric,40,3840,2160,200,true,607961,615508,2941444
Tile,Isometric,40,3840,2160,200,true,1156582,1163901,6642415
Solid,IsometricDots,8,3840,2160,0,false,4885,4985,33177600
Tile,IsometricDots,8,3840,2160,0,false,11344,11544,33177600
Solid,IsometricDots,8,3840,2160,0,true,109,133,1542
Tile,IsometricDots,8,3840,2160,0,true,172,188,2681
Solid,IsometricDots,8,3840,2160,20,false,5319,5900,33177600
Tile,IsometricDots,8,3840,2160,20,false,12856,13400,33177600
Solid,IsometricDots,8,3840,2160,20,true,55338,55610,149954
Tile,IsometricDots,8,3840,2160,20,true,90630,90963,670417
Solid,IsometricDots,8,3840,2160,200,false,10771,11161,33177600
Tile,IsometricDots,8,3840,2160,200,false,30072,30136,33177600
Solid,IsometricDots,8,3840,2160,200,true,593308,594650,2941444
Tile,IsometricDots,8,3840,2160,200,true,978665,1000595,7478069
Solid,IsometricDots,40,3840,2160,0,false,5303,5343,33177600
Tile,IsometricDots,40,3840,2160,0,false,11401,11435,33177600
Solid,IsometricDots,40,3840,2160,0,true,112,132,1542
Tile,IsometricDots,40,3840,2160,0,true,181,191,2682
Solid,IsometricDots,40,3840,2160,20,false,5813,5929,33177600
Tile,IsometricDots,40,3840,2160,20,false,12884,12937,33177600
Solid,IsometricDots,40,3840,2160,20,true,56009,67806,149953
Tile,IsometricDots,40,3840,2160,20,true,67464,74172,186626
Solid,IsometricDots,40,3840,2160,200,false,11685,11798,33177600
Tile,IsometricDots,40,3840,2160,200,false,27179,27269,33177600
Solid,IsometricDots,40,3840,2160,200,true,610095,619162,2941444
Tile,IsometricDots,40,3840,2160,200,true,919269,1180332,3241025
